model_prompt,samples,intent_accuracy,entity_precision,entity_recall,entity_f1,exact_match_rate,schema_failure_rate,schema_failures,exact_matches
gpt-4.1-nano__english,20,0.8,0.4416666666666667,0.325,0.36333333333333334,0.1,0.0,0,2
gpt-4.1-nano__hinglish,20,0.7,0.5666666666666667,0.4166666666666667,0.4666666666666667,0.15,0.0,0,3
sarvam-30b__english,20,0.45,0.6166666666666667,0.2,0.2033333333333333,0.05,0.35,7,1
sarvam-30b__hinglish,20,0.5,0.55,0.225,0.21000000000000002,0.05,0.3,6,1
