slice_tag,samples,intent_accuracy,entity_precision,entity_recall,entity_f1,exact_match_rate,schema_failure_rate,schema_failures,exact_matches
adversarial,24,0.5,0.6666666666666666,0.2847222222222222,0.33194444444444443,0.041666666666666664,0.25,6,1
ambiguity,28,0.5714285714285714,0.5178571428571429,0.20833333333333331,0.22976190476190478,0.07142857142857142,0.25,7,2
code_switching,20,0.65,0.7333333333333333,0.5916666666666667,0.6033333333333333,0.3,0.1,2,6
prompt_language_hinglish,80,0.6125,0.54375,0.29166666666666663,0.31083333333333335,0.0875,0.1625,13,7
sentiment_load,4,0.5,0.875,0.25,0.30000000000000004,0.0,0.5,2,0
short_utterance,4,0.5,0.5,0.0,0.0,0.0,0.0,0,0
temporal_reference,56,0.5892857142857143,0.5476190476190477,0.33035714285714285,0.34523809523809523,0.10714285714285714,0.16071428571428573,9,6
transliteration_noise,20,0.65,0.36666666666666664,0.15,0.14666666666666667,0.0,0.1,2,0
