model_name,samples,intent_accuracy,entity_precision,entity_recall,entity_f1,exact_match_rate,schema_failure_rate,schema_failures,exact_matches
gpt-4.1-nano,360,0.9027777777777778,0.4272486772486772,0.29435185185185186,0.33347462722462723,0.1527777777777778,0.0,0,55
sarvam-30b,360,0.6027777777777777,0.5133796296296296,0.20805555555555558,0.1992857142857143,0.058333333333333334,0.18611111111111112,67,21
