prompt_language,samples,intent_accuracy,entity_precision,entity_recall,entity_f1,exact_match_rate,schema_failure_rate,schema_failures,exact_matches
english,360,0.7555555555555555,0.48011904761904767,0.25004629629629627,0.26669973544973546,0.10277777777777777,0.09166666666666666,33,37
hinglish,360,0.75,0.46050925925925923,0.2523611111111111,0.26606060606060605,0.10833333333333334,0.09444444444444444,34,39
